acquire,contrary,highlight,process,theme
adapt,contrast,identify,proclaim,undergo
affect,contribute,illustrate,project,valuable
alter,convert,image,prospect,various
alternative,convince,indicate,protect,vary
appropriate,credit,inspire,publication,visible
approve,debate,instruct,recover,vision
assemble,definite,issue,region,visual
assist,demonstration,maintain,register,whereas
attitude,device,manual,reinforce,
available,diverse,meanwhile,repeat,
avoid,division,media,represent,
capable,enable,monitor,request,
category,encounter,network,reveal,
challenge,energy,nevertheless,review,
clarify,error,option,route,
commit,especially,organize,section,
compete,exhibit,outcome,select,
compound,experience,overall,series,
conceal,expose,participate,shift,
confirm,extract,particular,similar,
conflict,format,plot,similarity,
consequence,framework,portion,somewhat,
constant,function,principle,source,
consult,fundamental,priority,structure,
consume,globe,probably,submit,
contact,guideline,proceed,support,
